year,shrs1,shrs2,shrs3,shrs4,shrq1,shrq2,shrq3,shrq4,shrw0,shrw1,shrw2,shrw3,shra1,shra2,shra3,shra4,shrn,shry
2010,0.261088572,0.305917164,0.164542644,0.26845162,0.267727099,0.261134534,0.227520123,0.243618245,0.230929163,0.398910124,0.295972705,0.074188007,0.246835,0.211506,0.418158,0.123502,0.666496122,0.333503878
2015,0.245568455,0.314453036,0.173643266,0.266335244,0.278576043,0.248529794,0.216649743,0.25624442,0.183635599,0.356862748,0.343827023,0.11567463,0.232318,0.216133,0.410372,0.141176,0.68611028,0.31388972
2020,0.245535624,0.31444637,0.173654801,0.266363206,0.267979964,0.236314658,0.219707946,0.275997431,0.183635599,0.356862748,0.343827023,0.115674629,0.235592,0.207028,0.402582,0.154799,0.68168717,0.31831283
2025,0.245534961,0.314445033,0.173655304,0.266364701,0.270821217,0.233414609,0.214338486,0.281425688,0.183635599,0.356862748,0.343827023,0.11567463,0.230930,0.202367,0.394508,0.172196,0.68798566,0.31201434
2030,0.24552658,0.314442658,0.173658417,0.266372345,0.270335081,0.227632751,0.213449891,0.288582277,0.183635599,0.356862748,0.343827023,0.115674629,0.226859,0.206750,0.379587,0.186804,0.69348564,0.30651436
2035,0.245546807,0.314444716,0.173651738,0.266356739,0.281186423,0.229778074,0.205084938,0.283950565,0.183635599,0.356862748,0.343827023,0.115674629,0.225010,0.203425,0.373049,0.198515,0.69598392,0.30401608
2040,0.245475788,0.314433564,0.173676122,0.266414526,0.254878285,0.210866151,0.22172675,0.312528814,0.183635599,0.356862748,0.343827023,0.11567463,0.226662,0.204736,0.370271,0.198331,0.69375246,0.30624754
2045,0.245411223,0.314422702,0.173698556,0.266467519,0.23481586,0.196163441,0.230479472,0.338541226,0.183635599,0.356862748,0.343827023,0.11567463,0.229830,0.206588,0.367866,0.195715,0.68947124,0.31052876
2050,0.245352612,0.314412445,0.1737191,0.266515844,0.218168335,0.183542148,0.237794773,0.360494744,0.183635599,0.356862748,0.343827023,0.115674629,0.234031,0.205798,0.363858,0.196313,0.68379599,0.31620401